num_sides_polygon,spacing(mm),diameter(mm),force_mag(N),nonlinearity,memory
6,100.0,399.9999999999999,0.05,0.42498922909469783,0.101318340046231
6,100.0,399.9999999999999,0.0435,0.3990487113674307,0.10121241887282909
6,100.0,399.9999999999999,0.037565740045078885,0.37621905871171585,0.10134430331938771
6,100.0,399.9999999999999,0.033,0.34485465698445933,0.10028190526614605
6,100.0,399.9999999999999,0.028935185185185185,0.3331957896631385,0.10039625584826858
6,100.0,399.9999999999999,0.026,0.3157938196991286,0.10027409954312456
6,100.0,399.9999999999999,0.02275830678197542,0.3131938836794606,0.10031580569751093
6,100.0,399.9999999999999,0.018221574344023325,0.29091501277379184,0.10016845892954027
6,100.0,399.9999999999999,0.014814814814814815,0.2738826936689252,0.10005049478698398
6,100.0,399.9999999999999,0.01220703125,0.24933713455886783,0.10008191957197626
6,100.0,399.9999999999999,0.01017708121310808,0.2093764849042985,0.10010743749698589
6,100.0,399.9999999999999,0.008573388203017833,0.1984338059520427,0.10009087914861564
6,100.0,399.9999999999999,0.007289692374981776,0.16824587846936817,0.10013535339620426
6,100.0,399.9999999999999,0.00625,0.155436643234513,0.10014332706674786
6,100.0,399.9999999999999,0.05,0.42498922909469783,0.101318340046231
6,100.0,399.9999999999999,0.0435,0.3990487113674307,0.10121241887282909
6,100.0,399.9999999999999,0.037565740045078885,0.37621905871171585,0.10134430331938771
6,100.0,399.9999999999999,0.033,0.34485465698445933,0.10028190526614605
6,100.0,399.9999999999999,0.028935185185185185,0.3331957896631385,0.10039625584826858
6,100.0,399.9999999999999,0.026,0.3157938196991286,0.10027409954312456
6,100.0,399.9999999999999,0.02275830678197542,0.3131938836794606,0.10031580569751093
6,100.0,399.9999999999999,0.018221574344023325,0.29091501277379184,0.10016845892954027
6,100.0,399.9999999999999,0.014814814814814815,0.2738826936689252,0.10005049478698398
6,100.0,399.9999999999999,0.01220703125,0.24933713455886783,0.10008191957197626
6,100.0,399.9999999999999,0.01017708121310808,0.2093764849042985,0.10010743749698589
6,100.0,399.9999999999999,0.008573388203017833,0.1984338059520427,0.10009087914861564
6,100.0,399.9999999999999,0.007289692374981776,0.16824587846936817,0.10013535339620426
6,100.0,399.9999999999999,0.00625,0.155436643234513,0.10014332706674786
6,110.0,439.9999999999999,0.05,0.42287290300319824,0.10190553001141588
6,110.0,439.9999999999999,0.0435,0.42033996405677937,0.10213333828632402
6,110.0,439.9999999999999,0.037565740045078885,0.3953362970179035,0.10141021113835191
6,110.0,439.9999999999999,0.033,0.37031230259656184,0.10145924511362253
6,110.0,439.9999999999999,0.028935185185185185,0.33706002756911724,0.10063508150098474
6,110.0,439.9999999999999,0.026,0.3240738781627079,0.10045567489401423
6,110.0,439.9999999999999,0.02275830678197542,0.31201672565137983,0.10030895978161104
6,110.0,439.9999999999999,0.018221574344023325,0.29976491827166435,0.10028351893590759
6,110.0,439.9999999999999,0.014814814814814815,0.28747432174512266,0.10034842412003465
6,110.0,439.9999999999999,0.01220703125,0.25010302032716547,0.1001403229140174
6,110.0,439.9999999999999,0.01017708121310808,0.2234774506343053,0.10011957425071592
6,110.0,439.9999999999999,0.008573388203017833,0.18766084539512645,0.10014445921820708
6,110.0,439.9999999999999,0.007289692374981776,0.17012550211009522,0.10014904089818186
6,110.0,439.9999999999999,0.00625,0.15800343854682483,0.10016928719516456
6,110.0,439.9999999999999,0.05,0.42287290300319824,0.10190553001141588
6,110.0,439.9999999999999,0.0435,0.42033996405677937,0.10213333828632402
6,110.0,439.9999999999999,0.037565740045078885,0.3953362970179035,0.10141021113835191
6,110.0,439.9999999999999,0.033,0.37031230259656184,0.10145924511362253
6,110.0,439.9999999999999,0.028935185185185185,0.33706002756911724,0.10063508150098474
6,110.0,439.9999999999999,0.026,0.3240738781627079,0.10045567489401423
6,110.0,439.9999999999999,0.02275830678197542,0.31201672565137983,0.10030895978161104
6,110.0,439.9999999999999,0.018221574344023325,0.29976491827166435,0.10028351893590759
6,110.0,439.9999999999999,0.014814814814814815,0.28747432174512266,0.10034842412003465
6,110.0,439.9999999999999,0.01220703125,0.25010302032716547,0.1001403229140174
6,110.0,439.9999999999999,0.01017708121310808,0.2234774506343053,0.10011957425071592
6,110.0,439.9999999999999,0.008573388203017833,0.18766084539512645,0.10014445921820708
6,110.0,439.9999999999999,0.007289692374981776,0.17012550211009522,0.10014904089818186
6,110.0,439.9999999999999,0.00625,0.15800343854682483,0.10016928719516456
6,120.0,479.9999999999999,0.05,0.43065693949867223,0.10280123863298497
6,120.0,479.9999999999999,0.0435,0.4128556741065192,0.10251059555770346
6,120.0,479.9999999999999,0.037565740045078885,0.3941067683568475,0.10179751822468046
6,120.0,479.9999999999999,0.033,0.3753646535323926,0.10165818076281335
6,120.0,479.9999999999999,0.028935185185185185,0.3570685019619769,0.10104966207608473
6,120.0,479.9999999999999,0.026,0.3418980341741335,0.1007472166321086
6,120.0,479.9999999999999,0.02275830678197542,0.32391778952055483,0.10077687680627288
6,120.0,479.9999999999999,0.018221574344023325,0.3055807938122741,0.10022999712414332
6,120.0,479.9999999999999,0.014814814814814815,0.2981594861986665,0.10011663791625619
6,120.0,479.9999999999999,0.01220703125,0.26325329607971726,0.10021668985936685
6,120.0,479.9999999999999,0.01017708121310808,0.24825698393742374,0.10019639333577941
6,120.0,479.9999999999999,0.008573388203017833,0.22978570062978504,0.10013422195132857
6,120.0,479.9999999999999,0.007289692374981776,0.19614522839759313,0.1002088110946907
6,120.0,479.9999999999999,0.00625,0.17889356069022386,0.10019015847079848
6,120.0,479.9999999999999,0.05,0.43036822889410614,0.1026897604484172
6,120.0,479.9999999999999,0.0435,0.4144994426098516,0.10257601285130301
6,120.0,479.9999999999999,0.037565740045078885,0.4041110171103829,0.10170955485610411
6,120.0,479.9999999999999,0.033,0.3772063646658076,0.10167863042912931
6,120.0,479.9999999999999,0.028935185185185185,0.3549443296951299,0.10135820919281047
6,120.0,479.9999999999999,0.026,0.3461730494763412,0.10067018201525117
6,120.0,479.9999999999999,0.02275830678197542,0.32360697403991223,0.1008613901119529
6,120.0,479.9999999999999,0.018221574344023325,0.3048321063327786,0.10021676420658758
6,120.0,479.9999999999999,0.014814814814814815,0.29902753456103653,0.10024961127349019
6,120.0,479.9999999999999,0.01220703125,0.2608172002898365,0.1002147628644556
6,120.0,479.9999999999999,0.01017708121310808,0.24825698393742374,0.10019639333577941
6,120.0,479.9999999999999,0.008573388203017833,0.22978570062978504,0.10013422195132857
6,120.0,479.9999999999999,0.007289692374981776,0.19614522839759313,0.1002088110946907
6,120.0,479.9999999999999,0.00625,0.17889356069022386,0.10019015847079848
6,130.0,519.9999999999999,0.05,0.4136737378523712,0.1478586998050823
6,130.0,519.9999999999999,0.0435,0.41635210522230076,0.15574093727034283
6,130.0,519.9999999999999,0.037565740045078885,0.37421945238382365,0.1561049076950353
6,130.0,519.9999999999999,0.033,0.3607256689569554,0.15486349846520758
6,130.0,519.9999999999999,0.028935185185185185,0.35843423176541744,0.15082180312557167
6,130.0,519.9999999999999,0.026,0.3385926189672917,0.14585180051956875
6,130.0,519.9999999999999,0.02275830678197542,0.3181422614916717,0.13325071262422783
6,130.0,519.9999999999999,0.018221574344023325,0.3078987893183275,0.13177218595339027
6,130.0,519.9999999999999,0.014814814814814815,0.2994847052610174,0.1312770181209174
6,130.0,519.9999999999999,0.01220703125,0.29668777743189345,0.13417425015531853
6,130.0,519.9999999999999,0.01017708121310808,0.26098999947190105,0.13335410940686473
6,130.0,519.9999999999999,0.008573388203017833,0.2508960593785897,0.13347491602542427
6,130.0,519.9999999999999,0.007289692374981776,0.23819654397358886,0.1344643613327327
6,130.0,519.9999999999999,0.00625,0.1996140192400792,0.1351344312682956
6,140.0,559.9999999999999,0.05,0.633788171034285,0.11205418529817554
6,140.0,559.9999999999999,0.0435,0.6435397100351616,0.10448306164965271
6,140.0,559.9999999999999,0.037565740045078885,0.6535251653373306,0.10465025215595139
6,140.0,559.9999999999999,0.033,0.6646091584628516,0.11106391771414291
6,140.0,559.9999999999999,0.028935185185185185,0.6585828090453902,0.10677811050271573
6,140.0,559.9999999999999,0.026,0.6658491398961439,0.10400953747734756
6,140.0,559.9999999999999,0.02275830678197542,0.6747464093098049,0.10876503850219325
6,140.0,559.9999999999999,0.018221574344023325,0.6860065761989961,0.10780730158116425
6,140.0,559.9999999999999,0.014814814814814815,0.6864895710149101,0.10923281353991958
6,140.0,559.9999999999999,0.01220703125,0.6868187544474362,0.10680955382938788
6,140.0,559.9999999999999,0.01017708121310808,0.6753767967537017,0.10649619819770094
6,140.0,559.9999999999999,0.008573388203017833,0.6633539817469787,0.10654728827236061
6,140.0,559.9999999999999,0.007289692374981776,0.6507787881083765,0.10746804672744764
6,140.0,559.9999999999999,0.00625,0.6266460128600615,0.10621256464479575
6,150.0,599.9999999999999,0.05,0.5806330127998097,0.12921397075423247
6,150.0,599.9999999999999,0.0435,0.5847983307803639,0.11666724956058691
6,150.0,599.9999999999999,0.037565740045078885,0.5864251898098553,0.11063408698835882
6,150.0,599.9999999999999,0.033,0.5918926595677132,0.10763252257444754
6,150.0,599.9999999999999,0.028935185185185185,0.5916654230919481,0.10430557189303329
6,150.0,599.9999999999999,0.026,0.5908360786391841,0.10285474545648132
6,150.0,599.9999999999999,0.02275830678197542,0.5899670799122776,0.1031284552693816
6,150.0,599.9999999999999,0.018221574344023325,0.5911299197091235,0.10225366966956519
6,150.0,599.9999999999999,0.014814814814814815,0.5890536495343437,0.10278924107168974
6,150.0,599.9999999999999,0.01220703125,0.5858476959824035,0.10234635157884844
6,150.0,599.9999999999999,0.01017708121310808,0.5821237808762174,0.10200244579578213
6,150.0,599.9999999999999,0.008573388203017833,0.5760815362739968,0.10259532948897697
6,150.0,599.9999999999999,0.007289692374981776,0.5685331567782083,0.10278197710921416
6,150.0,599.9999999999999,0.00625,0.5601110151210605,0.10268351533912361
6,160.0,639.9999999999999,0.05,0.4986346130144703,0.10184673941523169
6,160.0,639.9999999999999,0.0435,0.4892512962435391,0.10124530921944531
6,160.0,639.9999999999999,0.037565740045078885,0.47478412492313693,0.10160520760724794
6,160.0,639.9999999999999,0.033,0.46757883488830104,0.10143894937823186
6,160.0,639.9999999999999,0.028935185185185185,0.4532250245562325,0.10158421376426874
6,160.0,639.9999999999999,0.026,0.4424992849413444,0.10122120174459298
6,160.0,639.9999999999999,0.02275830678197542,0.4317194558494456,0.10129166554683218
6,160.0,639.9999999999999,0.018221574344023325,0.4036171730436746,0.10114417510732975
6,160.0,639.9999999999999,0.014814814814814815,0.3640946941457414,0.10123239551307944
6,160.0,639.9999999999999,0.01220703125,0.3338935617874547,0.10126961031106245
6,160.0,639.9999999999999,0.01017708121310808,0.32367652083182696,0.10089066375740031
6,160.0,639.9999999999999,0.008573388203017833,0.30530751387090865,0.10094466950501023
6,160.0,639.9999999999999,0.007289692374981776,0.2960620900047755,0.10086748855914646
6,160.0,639.9999999999999,0.00625,0.2825754887754791,0.10087953227803997
6,170.0,679.9999999999999,0.05,0.48050221610028643,0.10124408783385634
6,170.0,679.9999999999999,0.0435,0.4735020368094508,0.10086564291130859
6,170.0,679.9999999999999,0.037565740045078885,0.45655244421440305,0.10089962845634559
6,170.0,679.9999999999999,0.033,0.4533581222310419,0.10089839397713353
6,170.0,679.9999999999999,0.028935185185185185,0.44558476134013747,0.101346265303679
6,170.0,679.9999999999999,0.026,0.43931535502066704,0.10104278248476067
6,170.0,679.9999999999999,0.02275830678197542,0.43071096613132315,0.10086325983331208
6,170.0,679.9999999999999,0.018221574344023325,0.4132548599680176,0.10060127098907065
6,170.0,679.9999999999999,0.014814814814814815,0.37865919284527016,0.100352332808791
6,170.0,679.9999999999999,0.01220703125,0.33526791915164694,0.1002355358443441
6,170.0,679.9999999999999,0.01017708121310808,0.3141266510033552,0.10028756030987789
6,170.0,679.9999999999999,0.008573388203017833,0.305703317175526,0.10047823611447598
6,170.0,679.9999999999999,0.007289692374981776,0.2973912493269478,0.10043594393664138
6,170.0,679.9999999999999,0.00625,0.29041687143736233,0.10049221998330488
6,180.0,719.9999999999999,0.05,0.5424397291511271,0.12858505100175543
6,180.0,719.9999999999999,0.0435,0.5394142460317337,0.12851060373433051
6,180.0,719.9999999999999,0.037565740045078885,0.5382731312914809,0.13153516530785053
6,180.0,719.9999999999999,0.033,0.5371621115033238,0.12448834238571836
6,180.0,719.9999999999999,0.028935185185185185,0.5414662156570491,0.1146866265212654
6,180.0,719.9999999999999,0.026,0.5452033161488521,0.1099046462735191
6,180.0,719.9999999999999,0.02275830678197542,0.5551152803425689,0.10740725107709019
6,180.0,719.9999999999999,0.018221574344023325,0.5569990427739583,0.10135943570261334
6,180.0,719.9999999999999,0.014814814814814815,0.5554534448028526,0.10307952402429409
6,180.0,719.9999999999999,0.01220703125,0.5556622123743432,0.10505336460451588
6,180.0,719.9999999999999,0.01017708121310808,0.5541851883815853,0.10251925658466096
6,180.0,719.9999999999999,0.008573388203017833,0.5505525489945343,0.10316681577843614
6,180.0,719.9999999999999,0.007289692374981776,0.5428925184161683,0.10384520732335804
6,180.0,719.9999999999999,0.00625,0.5315369804661891,0.10384062474631706
6,190.0,759.9999999999998,0.05,0.5584217147532476,0.12830515400880596
6,190.0,759.9999999999998,0.0435,0.5578301888188226,0.135608325656747
6,190.0,759.9999999999998,0.037565740045078885,0.556210266667546,0.13245347710798622
6,190.0,759.9999999999998,0.033,0.5637739724716809,0.1287099224806116
6,190.0,759.9999999999998,0.028935185185185185,0.5640630505221372,0.12532987653865033
6,190.0,759.9999999999998,0.026,0.5629068321930996,0.12359504695599198
6,190.0,759.9999999999998,0.02275830678197542,0.5714045992258596,0.12790531930373397
6,190.0,759.9999999999998,0.018221574344023325,0.5856254081215946,0.11714765572590469
6,190.0,759.9999999999998,0.014814814814814815,0.5949166303004405,0.11220902052603984
6,190.0,759.9999999999998,0.01220703125,0.5990549941311059,0.11434059557663204
6,190.0,759.9999999999998,0.01017708121310808,0.5984227054190107,0.11556145821797338
6,190.0,759.9999999999998,0.008573388203017833,0.5993024178681601,0.11642393686185415
6,190.0,759.9999999999998,0.007289692374981776,0.6008325741756202,0.11661652305498862
6,190.0,759.9999999999998,0.00625,0.6000320413134558,0.11772778805304786
6,200.0,799.9999999999998,0.05,0.43912755998154884,0.16733057990278102
6,200.0,799.9999999999998,0.0435,0.4203706580008779,0.15611271575255595
6,200.0,799.9999999999998,0.037565740045078885,0.42719024433950636,0.16890547604931888
6,200.0,799.9999999999998,0.033,0.42569753272072397,0.16532414878775709
6,200.0,799.9999999999998,0.028935185185185185,0.16628398862650676,0.13496286816715178
6,200.0,799.9999999999998,0.026,0.2843441372698185,0.14218919877458194
6,200.0,799.9999999999998,0.02275830678197542,0.27217371240843874,0.12500732920213709
6,200.0,799.9999999999998,0.018221574344023325,0.4318011865478115,0.15420364666804717
6,200.0,799.9999999999998,0.014814814814814815,0.41671834979666417,0.13723094344108994
6,200.0,799.9999999999998,0.01220703125,0.3930011537810989,0.12437928138052194
6,200.0,799.9999999999998,0.01017708121310808,0.36505628363557124,0.1262336490375909
6,200.0,799.9999999999998,0.008573388203017833,0.3479085110983192,0.12304203038035663
6,200.0,799.9999999999998,0.007289692374981776,0.3290871287700925,0.18185909178390344
6,200.0,799.9999999999998,0.00625,0.3144795368228264,0.11793270587339635
